HAO#_attached_to	False	544	hao
MF#hasAgent	False	1	mfoem
MF#hasPart	False	4	mfoem
MF#inheresIn	False	1	mfoem
MF#manifestationOf	False	2	mfomd|mondo
NCIT_R100	False	110	ncit
NCIT_R101	False	80	ncit
NCIT_R103	False	10	ncit
NCIT_R104	False	5	ncit
NCIT_R105	False	5	ncit
NCIT_R106	False	3	ncit
NCIT_R108	False	72	ncit
NCIT_R110	False	12	ncit
NCIT_R114	False	19	ncit
NCIT_R115	False	24	ncit
NCIT_R116	False	39	ncit
NCIT_R122	False	346	ncit
NCIT_R123	False	12496	ncit
NCIT_R124	False	549	ncit
NCIT_R125	False	1161	ncit
NCIT_R126	False	15	ncit
NCIT_R130	False	1287	ncit
NCIT_R131	False	111	ncit
NCIT_R132	False	158	ncit
NCIT_R133	False	12	ncit
NCIT_R135	False	1	ncit
NCIT_R139	False	1	ncit
NCIT_R140	False	6	ncit
NCIT_R142	False	2	ncit
NCIT_R145	False	16	ncit
NCIT_R146	False	227	ncit
NCIT_R150	False	27	ncit
NCIT_R153	False	180	ncit
NCIT_R155	False	80	ncit
NCIT_R156	False	1	ncit
NCIT_R158	False	128	ncit
NCIT_R159	False	74	ncit
NCIT_R160	False	3	ncit
NCIT_R163	False	113	mondo|ncit
NCIT_R165	False	1	ncit
NCIT_R166	False	6	ncit
NCIT_R167	False	102	ncit
NCIT_R168	False	9	ncit
NCIT_R169	False	127	ncit
NCIT_R170	False	6	ncit
NCIT_R171	False	75	ncit
NCIT_R172	False	402	ncit
NCIT_R173	False	356	ncit
NCIT_R174	False	2	ncit
NCIT_R175	False	556	ncit
NCIT_R176	False	488	ncit
NCIT_R177	False	1256	ncit
NCIT_R178	False	630	ncit
NCIT_R179	False	509	ncit
NCIT_R182	False	127	ncit
NCIT_R23	False	1	ncit
NCIT_R24	False	100	ncit
NCIT_R25	False	488	ncit
NCIT_R26	False	81	ncit
NCIT_R27	False	3585	ncit
NCIT_R28	False	28	ncit
NCIT_R29	False	15	ncit
NCIT_R30	False	85	ncit
NCIT_R31	False	33	ncit
NCIT_R32	False	25	ncit
NCIT_R34	False	42	ncit
NCIT_R35	False	173	ncit
NCIT_R36	False	6	ncit
NCIT_R37	False	11920	ncit
NCIT_R38	False	1055	ncit
NCIT_R39	False	6	ncit
NCIT_R40	False	1552	ncit
NCIT_R41	False	235	ncit
NCIT_R42	False	39	ncit
NCIT_R44	False	254	ncit
NCIT_R45	False	181	ncit
NCIT_R46	False	720	ncit
NCIT_R47	False	15	ncit
NCIT_R48	False	80	ncit
NCIT_R49	False	194	ncit
NCIT_R50	False	555	ncit
NCIT_R51	False	83	ncit
NCIT_R52	False	469	ncit
NCIT_R53	False	2036	ncit
NCIT_R54	False	2004	ncit
NCIT_R66	False	9	ncit
NCIT_R72	False	242	ncit
NCIT_R81	False	136	mondo|ncit
NCIT_R82	False	3008	mondo|ncit
NCIT_R88	False	114	ncit
NCIT_R89	False	5	ncit
OArCS#_gives_rise	False	2	oarcs
OBO_REL#_has_quality	False	20	miro
OBO_REL#_has_role	False	134	miro
OBO_REL#_part_of	False	1	omit
OBO_REL_0000004	False	1	hao
OBO_REL_0000034	False	26	idomal
OBO_REL_influences	False	28	miro
OBO_REL_realizes	False	4	miro
OGI.owl#hasBearer	False	3	ogsf
OGI.owl#hasComponentPart	False	2	ogsf
OGI.owl#hasContainedInterval	False	5	ogsf
OGI.owl#hasCytogeneticMapLocation	False	1	ogsf
OGI.owl#hasGeneLocus	False	1	ogsf
OGI.owl#hasIntervalRelation	False	1	ogsf
OGI.owl#hasLinkedLoci	False	1	ogsf
OGI.owl#hasMarkerProbe	False	1	ogsf
OGI.owl#hasMarkerRole	False	4	ogsf
OGI.owl#hasOccupiesLocus	False	2	ogsf
OGI.owl#hasPart	False	1	ogsf
OGI.owl#hasPolymorphismQuality	False	1	ogsf
OGI.owl#hasPrimaryDNASequence	False	1	ogsf
OGI.owl#hasPrimaryRNASequence	False	2	ogsf
OGI.owl#hasPrimarySequence	False	1	ogsf
OGI.owl#hasStructure	False	1	ogsf
OGI.owl#isAdjacentBefore	False	6	ogsf
OGI.owl#isCodeFor	False	1	ogsf
OGI.owl#isComponentPartOf	False	1	ogsf
OGI.owl#isContainedIn	False	15	ogsf
OGI.owl#isLocatedBefore	False	4	ogsf
OGI.owl#isOccupiedBy	False	3	ogsf
OGI.owl#isOverlapEndWith	False	3	ogsf
OGI.owl#isOverlapStartWith	False	7	ogsf
OGI.owl#isReverseCompleteOf	False	2	ogsf
OGI.owl#isStructurePartOf	False	3	ogsf
OGI.owl#isTranscribedBy	False	1	ogsf
OGI.owl#isTranscribedTo	False	1	ogsf
OGI.owl#isWrittenBy	False	4	ogsf
Optional.of(http://purl.obolibrary.org/obo/cmo.obo)#part_of	False	8	cmo
RO#_confers_resistance_to	False	707	aro
RO#_confers_resistance_to_drug	False	2459	aro
RO#_derives_from	False	93	aro
RO#_has_part	False	48	aro
RO#_part_of	False	288	aro
RO#_participates_in	False	45	aro
RO#_targeted_by	False	40	aro
RO#_targeted_by_drug	False	251	aro
RO_HOM0000007	False	12	pcl
RO_regulates	False	91	aro
TEMP#agent_in	False	74	idomal
TEMP#bearer_of	False	42	idomal
TEMP#happens_during	False	78	idomal
TEMP#has_role	False	486	idomal
TEMP#part_of	False	375	idomal
TEMP#participates_in	False	254	idomal
TEMP#preceded_by	False	64	idomal
TEMP#precedes	False	4	idomal
TEMP#realized_by	False	10	idomal
activates	False	1	vo
agro:00000148	True	1	agro
aism:0000011	True	11	aism|colao|lepao
aism:0000078	True	159	aism|colao|lepao
aism:0000079	True	186	aism|colao|lepao
bco:0000085	True	1	bco
bco:0000086	True	1	bco
bearer_of	False	84	ovae
bfo:0000050	True	112497	agro|aism|amphx|bto|caro|ceph|cheminf|chiro|cl|clao|clo|clyh|colao|cteno|dideo|dpo|duo|ecao|eco|ecocore|ecto|ehdaa2|envo|eupath|exo|fao|fbbt|fbdv|flopo|foodon|fypo|gecko|geno|go|hao|hp|hsapdv|hso|htn|iao|iceo|labo|lepao|maxo|mfmo|micro|mmusdv|mondo|nbo|oae|oarcs|oba|obi|obib|ogsf|ohd|ohpi|omp|omrse|one|ons|ontoneo|oostt|opmi|ovae|pato|pcl|pco|pdro|peco|phipo|plana|planp|po|poro|ppo|pr|psdo|pso|sibo|stato|to|uberon|vo|wbbt|wbls|wbphenotype|xao|xco|xpo|zfa|zfs|zp
bfo:0000051	True	46113	agro|aism|bco|caro|ceph|chebi|cheminf|chiro|cl|clo|colao|cteno|cto|dideo|dpo|dron|duo|ecao|eco|ecocore|ecto|ehdaa2|envo|eupath|exo|fbbt|fbcv|fbdv|flopo|foodon|fypo|geno|go|hp|hso|htn|iao|iceo|ino|labo|lepao|maxo|mco|micro|mondo|mpio|nbo|oae|oba|obi|obib|ogg|ogsf|ohd|ohmi|ohpi|omit|omp|omrse|one|ons|ontoneo|oostt|opl|opmi|ovae|pato|pcl|pdro|peco|phipo|plana|planp|po|poro|ppo|pr|psdo|pso|sepio|stato|to|uberon|vo|wbphenotype|xpo|zp
bfo:0000052	True	12	chmo|oba|ohd
bfo:0000053	True	1103	dron|ohd
bfo:0000054	True	106	bco|bto|chmo|cvdo|ecocore|ecto|envo|eupath|htn|ino|mf|mfoem|mfomd|micro|mondo|oba|obi|obib|ogsf|ohd|ohpi|omrse|ontoneo|opmi|ovae|pdro|psdo|stato|vo
bfo:0000055	True	115	agro|bco|cl|clo|eco|eupath|maxo|mf|mfoem|mfomd|micro|mondo|mop|oba|obi|obib|ohd|ohmi|ohpi|omrse|one|ons|opl|opmi|psdo|rxno|sepio|stato|vo
bfo:0000056	True	7	chmo|ppo
bfo:0000057	True	109	chmo|mop|ogsf|ohd|ppo|rxno
bfo:0000058	True	5	cvdo|ogg|ogsf|ovae
bfo:0000060	True	32	sibo
bfo:0000062	True	363	aism|cl|clo|cto|dpo|ecao|ecocore|ecto|envo|flopo|foodon|fypo|hp|hsapdv|maxo|mondo|nbo|oae|oba|ogsf|ohpi|ontoneo|opmi|ovae|pato|pcl|pdumdv|po|ppo|psdo|pso|stato|to|uberon|vo|wbls|wbphenotype|zp
bfo:0000063	True	94	aism|cl|clo|dpo|ecao|ecocore|ecto|envo|flopo|fypo|hp|maxo|mondo|nbo|ncro|oae|oba|ohpi|omit|ontoneo|opmi|ovae|pato|pcl|po|psdo|stato|to|uberon|wbphenotype|zp
bfo:0000066	True	2715	agro|aism|cl|clo|cvdo|dpo|ecocore|ecto|envo|fbbt|flopo|fypo|go|hp|maxo|mondo|oae|oba|ohmi|ohpi|omrse|ontoneo|opl|opmi|ovae|pato|pcl|peco|phipo|planp|pso|vo|wbphenotype|xpo|zp
bfo:0000067	True	227	agro|aism|cl|clo|dpo|ecocore|ecto|envo|flopo|fypo|hp|maxo|mondo|oba|omrse|pato|pcl|peco|plana|to|uberon|wbphenotype|zp
bfo:0000068	True	2447	chmo|cteno|ehdaa2
bfo:0000069	True	2444	ehdaa2
bfo:0000077	True	42	mop|rxno
bfo:0000078	True	13	mop|rxno
bfo:0000080	True	2	ogsf
bfo:0000082	True	27	cvdo|ogsf|ontoneo
bfo:0000083	True	5	cvdo|iceo|ogg|ogsf|ovae
bfo:0000085	True	5	chmo
bfo:0000086	True	10	clo|ogsf
bfo:0000087	True	5	bco|chmo|ogsf
bfo:0000107	True	3	mf|mfoem|mfomd
bfo:0000108	True	4	cvdo|ogg|ogsf|ovae
bfo:0000110	True	5	chmo|ogsf
bfo:0000111	True	1	ogsf
bfo:0000112	True	3	mf|mfoem|mfomd
bfo:0000113	True	17	cvdo|htn|ogsf
bfo:0000117	True	114	cvdo|dideo|mf|mfoem|mfomd|mondo|mop|mpio|oba
bfo:0000118	True	96	chmo
bfo:0000119	True	28	mop
bfo:0000127	True	7	ogsf
bfo:0000132	True	18	cvdo|mfoem|mfomd|mop|ogg
bfo:0000133	True	2	mop
bfo:0000137	True	2	chmo|geogeo
bfo:0000151	True	4	cvdo|ogg|ogsf|ovae
bfo:0000153	True	4	cvdo|ogg|ogsf|ovae
bfo:0000159	True	1	ogsf
bfo:0000162	True	1379	iceo|ogg|ohpi|rxno
bfo:0000165	True	1	ogsf
bfo:0000167	True	30	cvdo|mf|mfoem|mfomd|mondo|oba|ogsf|ontoneo
bfo:0000169	True	4	cvdo|ogg|ogsf|ovae
bfo:0000174	True	15	chmo
bfo:0000175	True	2	chmo
bfo:0000176	True	3	mf|mfoem|mfomd
bfo:0000178	True	1	chmo
bfo:0000184	True	2	cvdo|ogg
bfo:0000186	True	2	ogsf
bspo#parallel_to	False	42	aism|bspo|colao|cteno|lepao|plana|planp|zp
bspo:0000096	True	189	aism|bspo|cl|clo|colao|cteno|dpo|ecocore|ecto|flopo|fypo|hp|lepao|maxo|micro|mondo|nbo|oae|oba|ohpi|opmi|ovae|pato|pcl|plana|planp|uberon|wbphenotype|zp
bspo:0000097	True	38	aism|bspo|cl|colao|cteno|hp|lepao|maxo|micro|mondo|oae|oba|ovae|uberon|zp
bspo:0000098	True	92	aism|bspo|cl|clo|colao|cteno|dpo|ecocore|ecto|flopo|fypo|hp|lepao|maxo|micro|mondo|nbo|oae|oba|ohpi|opmi|ovae|pato|pcl|plana|planp|uberon|wbphenotype|zp
bspo:0000099	True	141	aism|bspo|cl|clo|colao|cteno|dpo|ecocore|ecto|flopo|fypo|hp|lepao|maxo|micro|mondo|nbo|oae|oba|ohpi|ovae|pato|pcl|plana|planp|uberon|wbphenotype|zp
bspo:0000100	True	34	aism|cl|colao|hp|lepao|maxo|mondo|oae|oba|ohpi|ovae|uberon
bspo:0000102	True	55	aism|cl|clo|colao|dpo|ecocore|ecto|flopo|fypo|hp|lepao|maxo|mondo|nbo|oae|oba|ohpi|opmi|ovae|pato|pcl|uberon|wbphenotype|zp
bspo:0000104	True	6	aism|bspo|cteno|plana|planp|zp
bspo:0000107	True	83	aism|bspo|cl|clo|cteno|dpo|ecocore|ecto|flopo|fypo|hp|maxo|micro|mondo|nbo|oae|oba|ohpi|opmi|ovae|pato|pcl|uberon|wbphenotype|zp
bspo:0000108	True	92	aism|cl|clo|dpo|ecocore|ecto|flopo|fypo|hp|maxo|mondo|nbo|oae|oba|ohpi|opmi|ovae|pato|pcl|uberon|wbphenotype|zp
bspo:0000110	True	6	aism|bspo|cteno|lepao|micro|zp
bspo:0000113	True	30	aism|bspo|cteno|lepao|micro|plana|planp|zp
bspo:0000120	True	336	aism|cl|clo|dpo|ecocore|ecto|flopo|fypo|hp|hso|maxo|mondo|oae|oba|ohpi|ovae|pato|pcl|uberon|wbphenotype|zp
bspo:0000121	True	334	aism|cl|clo|dpo|ecocore|ecto|flopo|fypo|hp|hso|maxo|mondo|oae|oba|ohpi|ovae|pato|pcl|uberon|wbphenotype|zp
bspo:0000122	True	96	aism|cl|clo|dpo|ecocore|ecto|flopo|fypo|hp|maxo|mondo|nbo|oae|oba|ohpi|pato|pcl|uberon|wbphenotype|zp
bspo:0000123	True	108	aism|cl|clo|dpo|ecocore|ecto|flopo|fypo|hp|hso|maxo|mondo|nbo|oae|oba|ohpi|ovae|pato|pcl|uberon|wbphenotype|zp
bspo:0000124	True	12	cl|hp|maxo|mondo|oba|uberon
bspo:0000125	True	12	cl|hp|maxo|mondo|oba|uberon
bspo:0000126	True	673	aism|cl|clo|dpo|ecocore|ecto|flopo|fypo|hp|hso|maxo|mondo|nbo|oae|oba|ohpi|opmi|ovae|pato|pcl|uberon|wbphenotype|zp
bspo:0001100	True	11	cl|uberon
bspo:0001101	True	16	cl|hp|maxo|mondo|oba|pcl|uberon
bspo:0001106	True	48	aism|cl|clo|dpo|ecocore|ecto|flopo|fypo|hp|hso|maxo|mondo|nbo|oae|oba|ohpi|opmi|ovae|pato|pcl|uberon|wbphenotype|zp
bspo:0001107	True	127	aism|cl|clo|dpo|ecocore|ecto|flopo|fypo|hp|maxo|mondo|nbo|oba|ohpi|pato|pcl|plana|planp|uberon|wbphenotype|zp
bspo:0001108	True	57	cl|clo|ecto|flopo|hp|hso|maxo|mondo|nbo|oae|oba|ohpi|pato|pcl|uberon|wbphenotype|zp
bspo:0001113	True	32	cl|hp|maxo|mondo|oba|uberon
bspo:0001115	True	19	cl|hp|maxo|mondo|oba|uberon
bspo:0005001	True	68	cl|ecto|hp|maxo|mondo|oba|pcl|uberon|zp
bspo:0015001	True	31	aism|bspo|cteno|plana|planp|zp
bspo:0015002	True	8	bspo|cteno
bspo:0015003	True	12	bspo|cteno
bspo:0015005	True	25	aism|bspo|cteno|plana|planp|zp
bspo:0015006	True	7	aism|bspo|cteno|plana|planp|zp
bspo:0015007	True	31	aism|bspo|cteno|plana|planp|zp
bspo:0015008	True	58	aism|bspo|cteno|plana|planp|zp
bspo:0015009	True	1	uberon
bspo:0015012	True	1	uberon
bspo:0015014	True	33	cl|hp|mondo|oba|plana|planp|uberon
bspo:0015101	True	45	cl|ecto|hp|maxo|mondo|oba|pcl|uberon|zp
bspo:0015102	True	17	hp|mondo|oba|uberon
bspo:0015202	True	1	uberon
cdao:0000142	True	4	cdao|miapa
cdao:0000153	True	2	cdao|miapa
cdao:0000155	True	2	cdao|miapa
cdao:0000168	True	2	cdao|miapa
cdao:0000170	True	2	cdao|miapa
cdao:0000174	True	2	cdao|miapa
cdao:0000176	True	2	cdao|miapa
cdao:0000178	True	4	cdao|miapa
cdao:0000188	True	2	cdao|miapa
cdao:0000190	True	4	cdao|miapa
cdao:0000193	True	2	cdao|miapa
cdao:0000194	True	4	cdao|miapa
cdao:0000195	True	2	cdao|miapa
cdao:0000199	True	2	cdao|miapa
cdao:0000202	True	2	cdao|miapa
cdao:0000207	True	2	cdao|miapa
cdao:0000208	True	2	cdao|miapa
ceph#continuous_with	False	12	ceph
ceph#dorsal_to	False	1	ceph
ceph#proximal_to	False	1	ceph
ceph#secretes	False	2	ceph
ceph#surrounded_by	False	1	ceph
ceph#surrounds	False	8	ceph
ceph#trait_of	False	20	ceph
ceph#ventral_to	False	1	ceph
ceph:0001007	True	3	ceph
chebi#BFO:0000051	False	22	poro
chebi#has_functional_parent	False	21992	agro|aism|caro|chebi|cl|clo|dpo|dron|ecocore|ecto|fbcv|flopo|fypo|hp|maxo|mco|micro|mondo|nbo|oba|pato|pcl|peco|phipo|poro|to|wbphenotype|zp
chebi#has_parent_hydride	False	2450	agro|aism|caro|chebi|cl|clo|dpo|dron|ecocore|ecto|fbcv|flopo|fypo|hp|maxo|mco|micro|mondo|nbo|oba|pato|pcl|peco|phipo|to|wbphenotype|zp
chebi#has_part	False	4	chiro
chebi#is_conjugate_acid_of	False	12856	agro|aism|caro|chebi|cl|clo|dpo|dron|ecocore|ecto|fbcv|flopo|fypo|hp|maxo|mco|micro|mondo|nbo|oba|pato|pcl|peco|phipo|poro|to|wbphenotype|zp
chebi#is_conjugate_base_of	False	12875	agro|aism|caro|chebi|cl|clo|dpo|dron|ecocore|ecto|fbcv|flopo|fypo|hp|maxo|mco|micro|mondo|nbo|oba|pato|pcl|peco|phipo|poro|to|wbphenotype|zp
chebi#is_enantiomer_of	False	4252	chebi|dron|ecto|fbcv|fypo|hp|maxo|mco|micro|mondo|nbo|oba|peco|phipo|to|wbphenotype|zp
chebi#is_substituent_group_from	False	1564	agro|aism|caro|chebi|cl|clo|dpo|dron|ecocore|ecto|fbcv|flopo|fypo|hp|maxo|mco|mondo|nbo|oba|pato|pcl|peco|phipo|to|wbphenotype|zp
chebi#is_tautomer_of	False	3146	agro|aism|caro|chebi|cl|clo|dpo|dron|ecocore|ecto|fbcv|flopo|fypo|hp|maxo|mco|micro|mondo|oba|pato|pcl|peco|phipo|to|wbphenotype|zp
chiro#activator_of	False	8	chiro
chiro#agonist_of	False	29	chiro
chiro#antagonist_of	False	25	chiro
chiro#destabilizer_of	False	1	chiro
chiro#inducer_of	False	2	chiro
chiro#inhibitor_of	False	142	chiro
chiro#modulator_of	False	9	chiro
chiro#sensitizer_of	False	1	chiro
chiro#stabilizier_of	False	1	chiro
chmo:0002748	True	1	chmo
chmo:0002922	True	9	chmo
chmo:0010016	True	2	chmo
chmo:0010017	True	3	chmo
cl#has_completed	False	35	cl|clo|mondo|oba
cl#has_high_plasma_membrane_amount	False	171	cl|clo|flopo|hp|maxo|mondo|oba|pato|pcl|zp
cl#has_low_plasma_membrane_amount	False	136	cl|clo|flopo|hp|maxo|mondo|oba|pato|pcl|zp
cl#has_not_completed	False	25	cl|clo|mondo|oba
cl#lacks_part	False	89	aism|cl|clo|dpo|ecocore|ecto|flopo|fypo|hp|maxo|mondo|oba|obib|pato|pcl|wbphenotype|zp
cl#lacks_plasma_membrane_part	False	2483	aism|cl|clo|cteno|dpo|ecocore|ecto|flopo|fypo|hp|maxo|mondo|oba|pato|pcl|wbphenotype|zp
clao:0001220	True	32	clao
clao:0001272	True	1	clao
clao:0001291	True	3	clao
clao:0001292	True	1	clao
clao:0001298	True	1	clao
clao:0001460	True	1	clao
clao:0001531	True	21	clao
clao:0001542	True	1	clao
clao:0001543	True	1	clao
clao:0001545	True	1	clao
clo:0000015	True	893	clo|ohpi
clo:0000179	True	8586	clo|ohpi
clo:0037207	True	5	clo
clo:0037208	True	5	clo|ohpi
clo:0037209	True	48	clo
clo:0037210	True	2	clo
cob:0000016	True	1	eupath
ddanat#develops_from	False	87	ddanat
ddanat#part_of	False	134	ddanat
duo:0000010	True	3	duo
eco:9000000	True	2	eco
emapa#develops_from	False	393	emapa
emapa#ends_at	False	4608	emapa
emapa#part_of	False	7008	emapa
emapa#starts_at	False	6026	emapa
envo#has_increased_levels_of	False	73	agro|ecto|envo|mondo|peco
envo:01001307	True	28	agro|ecto|envo|mondo
envo:02500016	True	1	envo
envo:02500020	True	2	ecto|envo
envo:2000036	True	4	ecto|envo
exo#characterizes	False	1	exo
exo#interacts_with	False	8	ecto|exo|mondo|oba
exo#interacts_with_an_exposure_receptor_via	False	8	ecto|exo|mondo|oba
exo#interacts_with_an_exposure_stressor_via	False	4	ecto|exo|mondo|oba
exo#is_associated_with	False	1	exo
exo#targeted_to	False	3	exo
fbbi:00000346	True	45	fbbi
fbcv#conditionality	False	51	fbcv
fbdv:00018001	True	298	dpo|fbdv
fix#BY	False	29	fix
fix#part_of	False	51	fix
fma#attaches_to	False	192	fma
fma#bounds	False	660	fma
fma#branch_of	False	7167	fma
fma#constitutional_part_of	False	12443	fma|ontoneo
fma#regional_part_of	False	19820	fma|ontoneo
fma#systemic_part_of	False	2719	fma|ontoneo
fma:85857	True	2	ohd
fma:85868	True	52	ohd
fma:85879	True	119	ohd
fma:85925	True	357	ohd
fma:85995	True	22	ohd
fma:85996	True	958	ohd
fobi:00422	True	5194	fobi
fobi:00424	True	280	fobi
foodon:00001301	True	21	ecto|foodon|mondo
foodon:00001563	True	238	ecto|foodon|maxo
foodon:00002420	True	131	ecto|foodon|maxo
fypo#has_output	False	64	fypo
fypo#output_of	False	92	fypo
geno:0000207	True	10	geno
geno:0000231	True	1	geno
geno:0000239	True	3	geno
geno:0000248	True	1	geno
geno:0000251	True	1	geno
geno:0000382	True	6	geno
geno:0000385	True	1	geno
geno:0000408	True	1	geno
geno:0000443	True	1	geno
geno:0000447	True	1	geno
geno:0000580	True	2	geno
geno:0000641	True	1	geno
geno:0000650	True	1	geno
geno:0000683	True	4	geno
geno:0000726	True	3	geno
geno:0000783	True	3	geno
geno:0000784	True	1	geno
geno:0000903	True	2	geno
geno:0000968	True	3	geno
gorel:0000001	True	2	fypo
gorel:0000032	True	1	fypo
gorel:0000501	True	2	fypo
gorel:0002003	True	28	aism|cl|dpo|ecocore|ecto|flopo|fypo|hp|maxo|oba|pato|pcl|wbphenotype|zp
gorel:0002004	True	44	aism|cl|clo|dpo|ecocore|ecto|flopo|fypo|hp|maxo|oba|pato|pcl|wbphenotype|zp
hancestro:0301	True	2	hancestro
hancestro:0308	True	10	foodon
hancestro:0330	True	230	hancestro
hsapdv#only_in_taxon	False	11	hsapdv
http://purl.org/oban/association_has_object	False	1	geno
http://semanticscience.org/resource/CHEMINF_000047	False	13	cheminf
http://semanticscience.org/resource/CHEMINF_000143	False	47	cheminf
http://semanticscience.org/resource/CHEMINF_000145	False	1	cheminf
http://semanticscience.org/resource/CHEMINF_000148	False	1	cheminf
http://semanticscience.org/resource/CHEMINF_000330	False	3	cheminf
http://semanticscience.org/resource/CHEMINF_000331	False	4	cheminf
http://semanticscience.org/resource/CHEMINF_000606	False	9	cheminf
http://semanticscience.org/resource/SIO_000001	False	7	ecto|ons
http://semanticscience.org/resource/SIO_000217	False	11	ecto|ons
http://semanticscience.org/resource/SIO_000221	False	12	ecto|ons
http://semanticscience.org/resource/SIO_000658	False	2	ceph|cteno
http://www.biomodels.net/kisao/KISAO#KISAO_0000245	False	266	biomodels.kisao
http://www.biomodels.net/kisao/KISAO#KISAO_0000246	False	8	biomodels.kisao
http://www.biomodels.net/kisao/KISAO#KISAO_0000250	False	11	biomodels.kisao
http://www.biomodels.net/kisao/KISAO#KISAO_0000259	False	44	biomodels.kisao
http://www.biomodels.net/kisao/KISAO#KISAO_0000359	False	28	biomodels.kisao
http://www.biomodels.net/kisao/KISAO#KISAO_0000360	False	29	biomodels.kisao
http://www.biomodels.net/kisao/KISAO#KISAO_0000361	False	14	biomodels.kisao
http://www.biomodels.net/kisao/KISAO#KISAO_0000399	False	1	biomodels.kisao
http://www.obofoundry.org/ro/ro.owl#has_part	False	1	ohd
http://www.obofoundry.org/ro/ro.owl#has_proper_part	False	544964	cheminf|dron
http://www.obofoundry.org/ro/ro.owl#preceded_by	False	5	oae|opmi
http://www.semanticweb.org/ontologies/is_output_of	False	22	cheminf
http://www.w3.org/ns/prov#specializationOf	False	1	miapa
http://www.w3.org/ns/prov#wasRevisionOf	False	1	miapa
https://bio.scai.fraunhofer.de/ontology/0000401	False	4	epio
https://bio.scai.fraunhofer.de/ontology/0000403	False	11	epio
https://bio.scai.fraunhofer.de/ontology/0000405	False	1	epio
https://bio.scai.fraunhofer.de/ontology/0000409	False	1	epio
https://bio.scai.fraunhofer.de/ontology/0000410	False	1	epio
https://bio.scai.fraunhofer.de/ontology/0000412	False	1	epio
https://bio.scai.fraunhofer.de/ontology/0000414	False	2	epio
https://bio.scai.fraunhofer.de/ontology/0000416	False	3	epio
https://bio.scai.fraunhofer.de/ontology/0000418	False	1	epio
https://bio.scai.fraunhofer.de/ontology/0000420	False	1	epio
https://bio.scai.fraunhofer.de/ontology/ac113c60_c3d8_48f2_871c_cc34524d844f	False	5	epio
https://bio.scai.fraunhofer.de/ontology/cac13978_e4e8_4240_907f_80ddfd3af981	False	16	epio
iao:0000039	True	31	agro|cheminf|dideo|duo|eupath|htn|iao|obi|omrse|one|oostt|pdro|psdo
iao:0000136	True	980	agro|aism|bco|cheminf|chmo|clo|cro|dideo|duo|eco|ecocore|ecto|eupath|fideo|foodon|fypo|gecko|hso|htn|iao|labo|maxo|mondo|mpio|ncro|oae|oba|obi|obib|ogsf|ohd|ohmi|ohpi|omit|omrse|one|ons|ontoneo|oostt|opmi|pdro|plana|psdo|sepio|stato|vo|wbphenotype|xpo
iao:0000142	True	61	eupath|vo
iao:0000219	True	77	agro|cheminf|dideo|duo|eupath|geno|htn|iao|labo|obi|omrse|one|ons|oostt|pdro|psdo|stato
iao:0000221	True	37	agro|cheminf|dideo|duo|eupath|htn|iao|obi|obib|omrse|one|ontoneo|oostt|psdo
iao:0000412	True	88	ohpi
iao:0000413	True	3	obi|obib|one
iao:0020012	True	2	obib|ontoneo
iceo:0000019	True	3	iceo
iceo:0000020	True	570	iceo
iceo:0000023	True	1	iceo
iceo:0000032	True	8	iceo
iceo:0000051	True	24866	iceo
iceo:0000350	True	2	iceo
ido:0000664	True	2962	doid|hso|htn|ohpi
ido:0100541	True	62	iceo
inheres_in	False	3	ogsf|ontoneo|ovae
ino:0000154	True	1	ino
inverseOf	False	2939	agro|aism|bco|biomodels.kisao|bspo|caro|cdao|cdno|ceph|chebi|cheminf|cl|clo|colao|cro|cteno|cto|cvdo|dideo|dpo|dron|duo|ecao|eco|ecocore|ecto|envo|eupath|fbbi|fbbt|fbcv|fbdv|flopo|fobi|foodon|fypo|geno|geogeo|go|hancestro|hp|hso|htn|iao|iceo|ido|idomal|labo|lepao|maxo|mco|mf|mfmo|mfoem|mfomd|miapa|micro|mondo|nbo|ncro|oae|oba|obi|obib|ogg|ogsf|ohd|ohmi|ohpi|omit|omrse|one|ons|ontoavida|ontoneo|oostt|opl|opmi|ovae|pato|pcl|pco|pdro|peco|phipo|plana|planp|po|poro|ppo|psdo|pso|ro|sepio|stato|to|uberon|vo|wbbt|wbls|wbphenotype|xpo|zeco|zfa|zp
ma#part_of	False	1975	ma
mamo#hasFeature	False	38	mamo
mamo#isUsedToModel	False	10	mamo
maxo:0000521	True	1	maxo
maxo:0000864	True	11	ecto|maxo
mco.owl/MCO:0000858	False	13	mco
mco.owl/MCO:0000860	False	9	mco
mfmo.owl#attached_to_dorsal_surface_of	False	1	mfmo
mfmo.owl#attached_to_medial_surface_of	False	2	mfmo
mfmo.owl#attached_to_ventral_surface_of	False	1	mfmo
mfmo.owl#deep_to	False	1	mfmo
mfmo:0000001	True	3	mfmo
mfoem:000008	True	1	mfoem
mi#part_of	False	36	mi
micro:0000001	True	15	micro
micro:0000029	True	45	micro
micro:0000032	True	12	micro
micro:0000034	True	5	micro
micro:0000035	True	1	micro
micro:0000065	True	36	micro
micro:0000105	True	11	micro
micro:0000107	True	10	micro
micro:0000108	True	4	micro
micro:0000110	True	2	micro
micro:0000135	True	5	micro
micro:0000469	True	2	micro
micro:0000470	True	3	micro
micro:0000473	True	1	micro
micro:0000475	True	1	micro
micro:0000477	True	3	micro
micro:0000940	True	10	micro
micro:0001197	True	80	micro
micro:0001198	True	61	micro
micro:0001199	True	18	micro
micro:0001200	True	12	micro
micro:0001203	True	1	micro
micro:0001206	True	89	micro
micro:0001208	True	4	micro
micro:0001213	True	6	micro
micro:0001215	True	49	micro
micro:0001217	True	4	micro
micro:0001218	True	4	micro
micro:0001219	True	11	micro
micro:0001221	True	4	micro
micro:0001244	True	16	micro
micro:0001245	True	1	micro
micro:0001288	True	1	micro
micro:0001301	True	1	micro
micro:0001371	True	3	micro
micro:0001391	True	26	micro
micro:0001431	True	4	micro
micro:0001460	True	18	micro
micro:0001461	True	2	micro
micro:0001462	True	10	micro
micro:0001463	True	6	micro
micro:0001465	True	6	micro
micro:0001466	True	5	micro
micro:0001467	True	30	micro
micro:0001468	True	11	micro
micro:0001502	True	30	micro
micro:0001521	True	30	micro
micro:0001522	True	30	micro
micro:0001523	True	30	micro
micro:0001524	True	30	micro
micro:0001550	True	1	micro
micro:1207	True	1	micro
mod#contains	False	10	mod
mod#derives_from	False	118	mod
mod#has_functional_parent	False	27	mod
mod#part_of	False	1	mod
mondo#disease_causes_feature	False	17	mondo|oba
mondo#disease_has_basis_in_accumulation_of	False	1	mondo
mondo#disease_has_basis_in_development_of	False	2	mondo
mondo#disease_has_major_feature	False	166	mondo|oba
mondo#disease_responds_to	False	12	mondo
mondo#disease_shares_features_of	False	51	mondo
mondo#disease_triggers	False	2	mondo
mondo#has_onset	False	1	mondo
mondo#has_onset_before	False	2	mondo
mondo#has_onset_during_or_after	False	2	mondo
mondo#part_of_progression_of_disease	False	2	mondo
mondo#predisposes_towards	False	184	mondo|oba
mondo:0100332	True	132	mondo|oba
mondo:0100333	True	4	mondo
mop:0000769	True	1	mop
mpath#part_of	False	4	mpath|zp
mro:0000002	True	61	mro
nbo#by_means	False	16	dpo|hp|maxo|mondo|nbo|oba|uberon
nbo#has_participant	False	35	ecocore|ecto|hp|nbo|oba|uberon
nbo#in_response_to	False	37	dpo|nbo|oba
nbo#is_about	False	29	nbo|oba
ncro:0004006	True	2050	ncro|omit
ncro:0004007	True	2	ncro|omit
ncro:0004008	True	2	ncro|omit
ncro:0004009	True	2050	ncro|omit
ncro:0004010	True	2	ncro|omit
ncro:0004011	True	2	ncro|omit
ncro:0004013	True	2	ncro|omit
ncro:0004015	True	2	ncro|omit
oae:0000025	True	4	oae
oae:0001735	True	43	oae|ovae
oae:0001788	True	1217	oae|opmi|ovae
oae:0002081	True	45	oae
oae:0002615	True	1	oae
obi:0000107	True	2	obi|one
obi:0000124	True	19	agro|eco|ecto|eupath|hso|obi|obib|one|ons|opmi|psdo|stato
obi:0000293	True	904	agro|bco|cheminf|chmo|clo|cto|dideo|duo|eco|ecto|eupath|foodon|hso|htn|iao|labo|maxo|micro|mondo|oae|oba|obi|obib|ogsf|ohd|ohmi|ohpi|omrse|one|ons|ontoneo|oostt|opmi|ovae|pdro|psdo|stato|vo
obi:0000295	True	3150	bco|clo|eco|eupath|ohpi|ovae|psdo|stato|vo
obi:0000299	True	999	agro|bco|cheminf|chmo|clo|dideo|duo|eco|ecto|eupath|foodon|hso|htn|iao|labo|maxo|micro|mondo|oae|oba|obi|obib|ogsf|ohd|ohmi|ohpi|omrse|one|ons|ontoneo|oostt|opmi|ovae|pdro|psdo|stato|vo
obi:0000304	True	1	vo
obi:0000312	True	527	agro|bco|cheminf|chmo|clo|duo|eco|ecto|eupath|hso|iao|labo|maxo|micro|obi|obib|ogsf|ohmi|ohpi|omrse|one|ons|oostt|opmi|ornaseq|psdo|stato|vo
obi:0000417	True	926	agro|bco|chmo|clo|eco|ecto|eupath|maxo|mondo|oba|obi|obib|ogsf|ohd|ohmi|ohpi|one|ons|opmi|ovae|psdo|rxno|stato|vo
obi:0000643	True	81	bco|clo|eco|eupath|obi|obib|ohmi|ohpi|one|ons|opmi|pdro|psdo|stato|vo
obi:0000846	True	2	oostt
obi:0001688	True	2	obib|oostt
obi:0001927	True	3	obi|one|pdro
obi:0001938	True	42	agro|bco|dideo|eco|ecto|eupath|htn|labo|maxo|obi|ohmi|one|ons|opmi|pdro|psdo|stato|vo
obib:0000037	True	1	obib
obib:0000038	True	1	obib
ogg:0000000014	True	459	ogg|ohpi|ovae
ogg:0000000016	True	853	iceo|ogg|ohpi|ovae
ogsf:0000013	True	1	ogsf
ogsf:0001008	True	3	ogsf
ogsf:0001009	True	1	ogsf
ohmi:0000059	True	29	ohmi
ohmi:0000272	True	13	ohmi
ohmi:0000304	True	2	ohmi
ohmi:0000347	True	5	ohmi
ohmi:0000348	True	3	ohmi
ohmi:0000350	True	9	ohmi
ohmi:0000354	True	10	ohmi
ohmi:0000359	True	1	ohmi
ohmi:0000377	True	121	ohmi
ohmi:0000423	True	217	ohmi
ohmi:0000453	True	4	ohmi
ohpi:0000003	True	4425	ohpi
ohpi:0000004	True	42	ohpi
ohpi:0000005	True	226	ohpi
ohpi:0000007	True	3090	ohpi
ohpi:0000025	True	3179	ohpi
ohpi:0000026	True	13	ohpi
ohpi:0000029	True	73	ohpi
ohpi:0000035	True	129	ohpi
ohpi:0000036	True	13	ohpi
ohpi:0000090	True	50	ohpi
omit.owl/MCO:0000866	False	6	mco
omit.owl/MCO:0000867	False	8	mco
omit:0000097	True	1	omit
omit:0000159	True	2	omit
omit:0000160	True	2	omit
omp#decreased_in_magnitude_relative_to	False	16	omp
omp#has_cross_section	False	2	omp
omp#has_quality	False	64	ecto|omp|ons
omp#increased_in_magnitude_relative_to	False	15	omp
omp#reciprocal_of	False	1	omp
omrse:00000068	True	2	omrse|pdro
ontoavida:00000004	True	2	ontoavida
ontoavida:00000134	True	2	ontoavida
ontoavida:00000182	True	2	ontoavida
oostt:00000045	True	2	oostt
opmi:0000171	True	9	opmi
opmi:0000301	True	4	opmi
opmi:0000305	True	5	opmi
opmi:0000366	True	1	opmi
opmi:0000481	True	3	opmi
owl:topObjectProperty	True	1	vario
pato#correlates_with	False	3	planp|xpo|zp
pato#decreased_in_magnitude_relative_to	False	21	dpo|ecto|mondo|nbo|oba|ontoneo|pco|phipo|planp|xpo|zp
pato#has_cross_section	False	11	mondo|oba|planp|xpo|zp
pato#has_relative_magnitude	False	7	phipo|zp
pato#increased_in_magnitude_relative_to	False	20	dpo|ecto|mondo|nbo|oba|ontoneo|pco|phipo|planp|xpo|zp
pato#reciprocal_of	False	53	agro|dpo|ecto|mondo|nbo|oba|ontoneo|pco|phipo|planp|xpo|zp
pato#towards	False	6	xpo|zp
pato:0001916	True	1	clao
pato:0001918	True	1	clao
peco#part_of	False	1	peco
plana:0007536	True	60	planp
po#derives_by_manipulation_from	False	6	flopo|po|to
poro:0000946	True	2	poro
ppo:0000010	True	3	ppo
pr#confers_resistance_to	False	25	pr
pr#has_gene_template	False	100553	aism|dron|hp|maxo|pr|uberon
pr#lacks_part	False	6632	cl|clo|maxo|oba|pr
pr#non-covalently_bound_to	False	41	pr
provides_greater_confidence_than	False	2	cio
pw#part_of	False	136	pw
rdfs:subClassOf	True	5648053	agro|aism|amphx|apo|aro|bco|bfo|biomodels.kisao|bspo|bto|caro|cdao|cdno|ceph|chebi|cheminf|chiro|chmo|cio|cl|clao|clo|clyh|cmo|colao|cro|cteno|cto|cvdo|ddanat|ddpheno|dideo|disdriv|doid|dpo|dron|duo|ecao|eco|ecocore|ecto|ehdaa2|emapa|envo|epio|eupath|exo|fao|fbbi|fbbt|fbcv|fbdv|fideo|fix|flopo|fma|fobi|foodon|fypo|gecko|geno|geogeo|gno|go|hancestro|hao|hom|hp|hsapdv|hso|htn|iao|iceo|ido|idomal|ino|labo|lepao|ma|mamo|maxo|mco|mf|mfmo|mfoem|mfomd|mi|miapa|micro|miro|mmo|mmusdv|mod|mondo|mop|mp|mpath|mpio|mro|nbo|ncbitaxon|ncit|ncro|nomen|oae|oarcs|oba|obi|obib|ogg|ogms|ogsf|ohd|ohmi|ohpi|olatdv|omit|omo|omp|omrse|one|ons|ontoavida|ontoneo|oostt|opl|opmi|ornaseq|ovae|pato|pcl|pco|pdro|pdumdv|peco|phipo|plana|planp|po|poro|ppo|pr|psdo|pso|pw|rex|ro|rs|rxno|sbo|sepio|sibo|so|spd|stato|symp|tads|taxrank|tgma|to|trans|tto|uberon|vario|vo|vt|vto|wbbt|wbls|wbphenotype|xao|xco|xlmod|xpo|zeco|zfa|zfs|zp
rdfs:subPropertyOf	True	13767	agro|aism|bco|biomodels.kisao|bspo|caro|cdao|cdno|ceph|cheminf|chiro|chmo|cio|cl|clao|clo|colao|cteno|cvdo|dideo|doid|dpo|dron|duo|ecao|eco|ecocore|ecto|envo|eupath|fbbi|fbbt|fbcv|fbdv|flopo|fma|foodon|fypo|geno|geogeo|go|hp|hsapdv|hso|htn|iao|iceo|ido|ino|labo|lepao|maxo|mco|mf|mfmo|mfoem|mfomd|miapa|micro|mmusdv|mondo|mop|mpio|mro|nbo|ncit|ncro|nomen|oae|oba|obi|obib|ogg|ogsf|ohd|ohmi|ohpi|olatdv|omit|omp|omrse|one|ons|ontoavida|ontoneo|oostt|opl|opmi|ornaseq|ovae|pato|pcl|pco|pdro|pdumdv|peco|phipo|plana|planp|po|poro|ppo|psdo|pso|ro|rxno|sepio|so|stato|to|uberon|vo|wbbt|wbls|wbphenotype|xpo|zfa|zfs|zp
rex#is_reverse_of	False	22	rex
rex#part_of	False	62	rex
ro:0000052	True	5166	agro|bco|dideo|dron|eco|ecocore|ecto|envo|eupath|fbbt|flopo|fypo|geno|htn|ido|labo|maxo|mondo|oba|obi|obib|ohmi|ohpi|omp|omrse|one|ons|ontoneo|oostt|opmi|pato|pco|pdro|peco|psdo|stato|to|vo
ro:0000053	True	1421	agro|aism|bto|caro|cl|clao|clo|colao|cteno|dpo|ecocore|ecto|envo|eupath|fbbt|flopo|fypo|hp|lepao|maxo|mondo|oba|obi|omrse|one|ons|pato|pcl|poro|wbphenotype|zp
ro:0000056	True	1027	agro|aism|cl|clo|dpo|ecocore|ecto|envo|eupath|flopo|foodon|fypo|hp|iceo|maxo|mondo|ncro|oba|obi|ohmi|omit|omrse|one|ons|opmi|pato|pcl|pco|po|poro|pso|to|uberon|wbphenotype|zp
ro:0000057	True	736	agro|aism|cheminf|cl|clo|dideo|dpo|duo|eco|ecocore|ecto|envo|eupath|flopo|foodon|fypo|hp|htn|iao|ino|maxo|mondo|ncro|oba|obi|obib|ohmi|ohpi|omit|omrse|one|ons|ontoneo|oostt|opmi|ovae|pato|pcl|pco|peco|po|psdo|pso|sepio|stato|to|vo|wbphenotype|zp
ro:0000058	True	1	psdo
ro:0000059	True	8	ecto|maxo|mondo|oba|ohpi|omrse|ons|opmi
ro:0000079	True	15	bco|eco|eupath|maxo|obi|obib|ohmi|one|ons|opmi|psdo|stato
ro:0000080	True	7	agro|psdo
ro:0000081	True	13	agro|eco|eupath|obi|obib|ohmi|one|ons|opmi|psdo|stato
ro:0000085	True	622	bco|clo|dideo|eco|ecto|envo|eupath|maxo|obi|obib|ohmi|omit|one|ons|opmi|psdo|stato|vo
ro:0000086	True	2095	agro|aism|cl|clo|dpo|ecocore|ecto|envo|flopo|foodon|fypo|hp|maxo|micro|mondo|oae|oba|ohmi|opmi|ovae|pato|pcl|peco|pr|to|uberon|vo|wbphenotype|zp
ro:0000087	True	78206	agro|aism|bco|caro|chebi|cl|clo|dpo|dron|eco|ecocore|ecto|envo|eupath|fbcv|fideo|flopo|fypo|hp|iceo|ido|ino|maxo|mco|micro|mondo|nbo|oba|obi|obib|ohmi|ohpi|one|ons|ontoneo|opl|opmi|ornaseq|ovae|pato|pcl|peco|phipo|poro|pso|to|uberon|vo|wbphenotype|zp
ro:0000091	True	11	envo|geno|ido|ohpi|phipo
ro:0001000	True	4163	agro|bco|cdno|cl|clo|doid|eco|ecto|envo|eupath|foodon|geno|maxo|mondo|ncro|oba|obi|obib|ohmi|ohpi|omit|one|ons|opmi|peco|plana|pr|psdo|stato
ro:0001001	True	2	envo
ro:0001015	True	121	agro|aism|cl|clo|colao|dpo|ecocore|ecto|envo|flopo|fypo|hp|maxo|mondo|nbo|oae|oba|ohpi|opmi|ovae|pato|pcl|uberon|wbphenotype|zp
ro:0001018	True	1403	aism|bto|colao|envo|lepao|plana|planp
ro:0001019	True	58	aism|cl|colao|dpo|ecocore|ecto|envo|flopo|fypo|hp|lepao|maxo|mondo|nbo|oba|pato|pcl|uberon|wbphenotype|zp
ro:0001022	True	123	doid
ro:0001025	True	1459	agro|aism|ceph|cl|clo|cteno|dpo|ecocore|ecto|ehdaa2|envo|flopo|foodon|fypo|hp|hso|maxo|micro|mondo|nbo|oae|oba|obib|ohmi|ohpi|ontoneo|opl|opmi|ovae|pato|pcl|po|pr|to|uberon|vo|wbphenotype|zp
ro:0001900	True	15	ons
ro:0002002	True	22	aism|cl|clo|dpo|ecocore|ecto|flopo|fypo|hp|maxo|mondo|nbo|oae|oba|ohpi|opmi|ovae|pato|pcl|uberon|wbphenotype|zp
ro:0002003	True	30	fbbt
ro:0002005	True	390	aism|cl|dpo|ecocore|ecto|fbbt|flopo|fypo|hp|maxo|mondo|oae|oba|ohpi|pato|pcl|uberon|wbphenotype|zp
ro:0002007	True	792	agro|aism|cl|clo|dpo|ecocore|ecto|envo|flopo|fypo|hp|hso|maxo|mondo|nbo|oae|oba|ohpi|opmi|ovae|pato|pcl|peco|uberon|wbphenotype|zp
ro:0002008	True	49	aism|colao|lepao
ro:0002018	True	14	ons
ro:0002082	True	109	aism|cl|clo|dpo|ecocore|ecto|flopo|fypo|hp|maxo|mondo|oba|pato|pcl|uberon|wbphenotype|zp
ro:0002083	True	1	omrse
ro:0002084	True	1	envo
ro:0002087	True	1745	aism|amphx|cl|clo|clyh|cteno|dpo|ecao|ecocore|ecto|fbdv|flopo|fypo|hp|hsapdv|maxo|mmusdv|mondo|nbo|oae|oba|obi|ohpi|olatdv|omrse|one|ontoneo|opmi|ovae|pato|pcl|uberon|wbls|wbphenotype|zfs|zp
ro:0002088	True	1	envo
ro:0002090	True	20	dpo
ro:0002091	True	1	envo
ro:0002092	True	41	fbdv|fypo|go|oae|phipo|plana|planp|wbphenotype|zp
ro:0002093	True	5	fypo|go|phipo|wbphenotype|zp
ro:0002100	True	2434	aism|cl|clo|dpo|ecocore|ecto|fbbt|flopo|fypo|hp|maxo|mondo|oba|pato|pcl|wbphenotype|zp
ro:0002101	True	1129	cl|fbbt
ro:0002102	True	13	cl
ro:0002103	True	6	cl|pcl
ro:0002104	True	1111	aism|cl|clo|cteno|dpo|ecocore|ecto|flopo|fypo|hp|maxo|mondo|oba|pato|pcl|wbphenotype|zp
ro:0002105	True	275	fbbt
ro:0002106	True	13	fbbt
ro:0002107	True	166	fbbt
ro:0002114	True	13	fbbt
ro:0002120	True	19	cl|mondo|oba|pcl
ro:0002130	True	3	cl
ro:0002131	True	3143	agro|aism|bspo|cl|clo|cteno|dpo|ecocore|ecto|envo|fbbt|flopo|fypo|hp|lepao|maxo|micro|mondo|oba|opmi|pato|pcl|plana|planp|wbphenotype|zfa|zp
ro:0002132	True	92	fbbt
ro:0002134	True	748	aism|cl|clao|cteno|dpo|ecocore|ecto|fbbt|flopo|fypo|hp|maxo|mondo|oae|oba|ohpi|pato|pcl|uberon|wbphenotype|zp
ro:0002150	True	1974	agro|aism|cl|clao|clo|colao|cteno|dpo|ecocore|ecto|envo|fbbt|flopo|fypo|hp|lepao|maxo|mondo|nbo|oae|oba|ohpi|ovae|pato|pcl|poro|uberon|wbphenotype|zfa|zp
ro:0002151	True	4	agro|envo
ro:0002158	True	2	oae
ro:0002159	True	4	hp|uberon
ro:0002160	True	293416	agro|aism|ceph|cl|clo|dpo|ecocore|ecto|envo|fao|flopo|foodon|fypo|hp|maxo|mondo|oba|opl|pato|pcl|po|pr|pso|to|uberon|wbphenotype|zp
ro:0002162	True	1385	aism|cl|clo|dpo|ecocore|ecto|flopo|foodon|fypo|geno|hp|maxo|mondo|mro|oba|ons|pato|pcl|uberon|wbphenotype|zp
ro:0002163	True	1	mfmo
ro:0002170	True	634	aism|cl|clao|clo|dpo|ecocore|ecto|fbbt|flopo|fypo|hp|maxo|mondo|nbo|oae|oba|ohpi|ovae|pato|pcl|uberon|wbphenotype|zp
ro:0002176	True	1983	aism|cl|clo|cteno|dpo|ecocore|ecto|envo|flopo|fypo|hp|maxo|mondo|nbo|oae|oba|ohpi|opmi|ovae|pato|pcl|uberon|wbphenotype|zp
ro:0002177	True	43	aism|cl|dpo|ecocore|ecto|fbbt|flopo|fypo|hp|maxo|mondo|oba|ohpi|pato|pcl|uberon|wbphenotype|zp
ro:0002178	True	772	aism|cl|clo|dpo|ecocore|ecto|flopo|fypo|hp|maxo|mondo|oae|oba|ohpi|pato|pcl|uberon|wbphenotype|zp
ro:0002179	True	658	aism|cl|dpo|ecocore|ecto|flopo|fypo|hp|maxo|mondo|nbo|oae|oba|ohpi|pato|pcl|uberon|wbphenotype|zp
ro:0002180	True	531	caro|cl|clo|dpo|hp|mondo|oba|planp|pr|uberon|vo
ro:0002200	True	144	doid|htn
ro:0002202	True	20282	agro|aism|amphx|bto|ceph|cl|clao|clo|clyh|cteno|dpo|ecao|ecocore|ecto|ehdaa2|envo|fao|fbbt|flopo|foodon|fypo|hp|hso|maxo|micro|mondo|nbo|oae|oba|ohpi|opmi|ovae|pato|pcl|plana|planp|po|poro|ppo|pso|to|uberon|wbbt|wbphenotype|xao|xpo|zfa|zp
ro:0002203	True	115	aism|cl|clo|cteno|dpo|ecocore|ecto|fbbt|flopo|fypo|hp|maxo|mondo|oba|pato|pcl|plana|wbphenotype|zp
ro:0002207	True	74	aism|cl|cteno|dpo|ecocore|ecto|fbbt|flopo|fypo|hp|maxo|mondo|oba|ohpi|pato|pcl|uberon|wbphenotype|zp
ro:0002211	True	15868	agro|aism|caro|chiro|cl|clo|dpo|eco|ecocore|ecto|envo|fbbt|flopo|fypo|go|hp|ino|maxo|mondo|nbo|oba|ohpi|omp|ontoneo|opmi|pato|pcl|planp|to|uberon|wbphenotype|xco|xpo|zp
ro:0002212	True	13430	aism|caro|cl|clo|dpo|eco|ecocore|ecto|envo|fbbt|flopo|fypo|go|hp|ino|maxo|mondo|oba|ohpi|omp|pato|pcl|planp|uberon|wbphenotype|xpo|zp
ro:0002213	True	13599	aism|caro|chiro|cl|clo|dpo|eco|ecocore|ecto|fbbt|flopo|fypo|go|hp|ino|maxo|mondo|oba|ohpi|pato|pcl|planp|to|uberon|wbphenotype|xpo|zp
ro:0002215	True	2646	aism|ceph|cl|clo|cteno|dpo|ecocore|ecto|fbbt|flopo|fypo|hp|maxo|micro|mondo|oba|ontoneo|opmi|pato|pcl|poro|pr|sepio|uberon|wbphenotype|zp
ro:0002216	True	776	aism|cl|clo|cteno|dpo|ecocore|ecto|fbbt|flopo|fypo|hp|maxo|mondo|oba|pato|pcl|uberon|wbphenotype|zp
ro:0002217	True	3	ogsf|ontoneo
ro:0002218	True	2	opmi
ro:0002219	True	394	agro|aism|cl|clo|dpo|ecocore|ecto|envo|flopo|foodon|fypo|hp|maxo|micro|mondo|nbo|oae|oba|ohpi|opmi|ovae|pato|pcl|peco|poro|to|uberon|wbphenotype|zp
ro:0002220	True	2435	agro|aism|ceph|cl|clao|clo|colao|cteno|doid|dpo|ecocore|ecto|envo|flopo|fypo|hao|hp|lepao|maxo|micro|mondo|nbo|oae|oba|ohpi|opmi|ovae|pato|pcl|peco|plana|planp|po|poro|to|uberon|wbphenotype|zp
ro:0002221	True	470	aism|cl|clo|dpo|ecocore|ecto|ehdaa2|flopo|fypo|hp|lepao|maxo|micro|mondo|nbo|oae|oba|ohpi|ontoneo|opmi|ovae|pato|pcl|poro|uberon|wbphenotype|zp
ro:0002223	True	29	aism|cl|clo|dpo|ecao|ecocore|ecto|flopo|fypo|hp|maxo|mondo|nbo|oae|oba|ohpi|omrse|ontoneo|opmi|ornaseq|ovae|pato|pcl|uberon|wbphenotype|zp
ro:0002224	True	172	aism|cl|clo|dpo|ecao|ecocore|ecto|flopo|fypo|hp|maxo|mondo|nbo|oae|oba|ohpi|ontoneo|opmi|ovae|pato|pcl|uberon|wbphenotype|zp
ro:0002225	True	14	cl|fbbt|hp|maxo|uberon
ro:0002226	True	65	cl|ecto|ehdaa2|hp|maxo|mondo|oba|uberon
ro:0002229	True	31	agro|aism|cl|clo|dpo|ecao|ecocore|ecto|envo|flopo|fypo|hp|maxo|mondo|nbo|oae|oba|ohpi|omrse|ontoneo|opmi|ovae|pato|pcl|uberon|wbphenotype|zp
ro:0002230	True	84	aism|cl|clo|dpo|ecao|ecocore|ecto|flopo|fypo|hp|maxo|mondo|nbo|oae|oba|ohpi|ontoneo|opmi|ovae|pato|pcl|uberon|wbphenotype|zp
ro:0002231	True	100	aism|cl|clo|dpo|ecocore|ecto|flopo|fypo|hp|maxo|oba|pato|pcl|wbphenotype|zp
ro:0002232	True	74	aism|cl|clo|dpo|ecocore|ecto|envo|flopo|fypo|hp|maxo|oba|pato|pcl|wbphenotype|zp
ro:0002233	True	1993	agro|aism|cl|clo|dpo|ecocore|ecto|envo|flopo|foodon|fypo|hp|ino|maxo|mondo|oba|ons|opmi|pato|pcl|peco|sepio|wbphenotype|zp
ro:0002234	True	203	agro|aism|cl|dpo|ecocore|ecto|envo|flopo|fypo|hp|maxo|mondo|oba|ons|opmi|pato|pcl|peco|sepio|wbphenotype|zp
ro:0002242	True	174	ecto
ro:0002243	True	34	ecto
ro:0002248	True	60	ons
ro:0002254	True	1097	aism|cl|clo|cteno|dpo|ecocore|ecto|flopo|fypo|hp|maxo|mondo|nbo|oae|oba|ohpi|ontoneo|opmi|ovae|pato|pcl|uberon|wbphenotype|zfa|zp
ro:0002256	True	316	aism|cl|clo|dpo|ecocore|ecto|flopo|fypo|hp|maxo|mondo|nbo|oae|oba|ohpi|opmi|ovae|pato|pcl|uberon|wbphenotype|zp
ro:0002285	True	75	aism|cl|clo|dpo|ecocore|ecto|flopo|fypo|hp|maxo|mondo|nbo|oae|oba|ohpi|opmi|ovae|pato|pcl|uberon|wbphenotype|zp
ro:0002292	True	711	cl|fbbt|pcl|vo
ro:0002295	True	15	aism|cl|clo|dpo|ecocore|ecto|flopo|fypo|hp|maxo|oba|pato|pcl|wbphenotype|zp
ro:0002296	True	3375	aism|cl|clo|dpo|ecocore|ecto|flopo|fypo|hp|maxo|oba|pato|pcl|wbphenotype|zp
ro:0002297	True	1086	agro|aism|cl|clo|dpo|ecocore|ecto|envo|flopo|fypo|hp|maxo|mondo|oba|ohpi|pato|pcl|phipo|poro|wbphenotype|zp
ro:0002298	True	2130	aism|cl|clo|dpo|ecocore|ecto|flopo|fypo|hp|maxo|oba|pato|pcl|wbphenotype|zp
ro:0002299	True	249	aism|cl|dpo|ecocore|ecto|flopo|fypo|hp|maxo|oba|pato|pcl|wbphenotype|zp
ro:0002303	True	7	agro|ecocore|ecto|envo|mondo|oba|peco
ro:0002309	True	2881	ecto|mondo|oba
ro:0002312	True	28	aro
ro:0002313	True	930	aism|cl|clo|dpo|ecocore|ecto|fypo|hp|maxo|oba|wbphenotype|zp
ro:0002314	True	1	ontoneo
ro:0002315	True	1529	aism|cl|clo|dpo|ecocore|ecto|flopo|fypo|hp|maxo|oba|pato|pcl|wbphenotype|zp
ro:0002321	True	2	bco|pco
ro:0002322	True	12	hp|maxo|mondo|oba|uberon|zp
ro:0002328	True	55	aism|cl|clo|dpo|ecocore|ecto|flopo|fypo|hp|maxo|mondo|oba|pato|pcl|uberon|wbphenotype|zp
ro:0002331	True	4	omit|pr
ro:0002332	True	214	cl|ecto|flopo|fypo|hp|maxo|oba|pato|wbphenotype|zp
ro:0002334	True	6	cl|pcl
ro:0002338	True	117	aism|cl|clo|dpo|ecocore|ecto|flopo|fypo|hp|maxo|oba|pato|pcl|wbphenotype|zp
ro:0002339	True	637	aism|cl|clo|dpo|ecocore|ecto|flopo|fypo|hp|maxo|oba|pato|pcl|wbphenotype|zp
ro:0002341	True	47	aism|cl|clo|dpo|ecocore|ecto|flopo|fypo|hp|maxo|oba|pato|pcl|wbphenotype|zp
ro:0002342	True	37	cl|clo|flopo|fypo|pato|pcl|wbphenotype
ro:0002343	True	191	aism|cl|dpo|ecocore|ecto|flopo|fypo|hp|maxo|oba|pato|pcl|wbphenotype|zp
ro:0002344	True	98	aism|cl|clo|dpo|ecocore|ecto|flopo|fypo|hp|maxo|oba|pato|pcl|wbphenotype|zp
ro:0002350	True	2968	agro|ecto|foodon|maxo|mondo|oba|omrse|ons
ro:0002351	True	218	aism|bco|cl|clo|dpo|ecocore|ecto|envo|flopo|foodon|fypo|geno|hp|hso|maxo|mondo|nbo|oae|oba|obib|ohpi|omrse|opmi|ovae|pato|pcl|pco|psdo|uberon|wbphenotype|zp
ro:0002352	True	1	uberon
ro:0002353	True	1049	agro|aism|cl|clo|dpo|dron|ecocore|ecto|envo|fideo|flopo|foodon|fypo|hp|maxo|mondo|oba|opmi|pato|pcl|pr|sepio|uberon|wbphenotype|zp
ro:0002354	True	125	agro|ecocore|ecto|envo|micro|mondo|oba|opmi|peco
ro:0002371	True	1542	aism|ceph|cl|clao|clo|colao|dpo|ecocore|ecto|ehdaa2|envo|fbbt|flopo|fypo|hp|lepao|maxo|mondo|nbo|oae|oba|ohpi|pato|pcl|uberon|wbphenotype|zp
ro:0002372	True	417	cl|ecto|flopo|hp|maxo|mondo|oba|pato|pcl|uberon|zp
ro:0002373	True	432	aism|cl|dpo|ecocore|ecto|flopo|fypo|hp|maxo|mondo|oba|ohpi|pato|pcl|uberon|wbphenotype|zp
ro:0002374	True	103	hp|mondo|oba|uberon
ro:0002376	True	280	aism|cl|dpo|ecocore|ecto|envo|flopo|fypo|hp|maxo|mondo|nbo|oba|ohpi|pato|pcl|uberon|wbphenotype|zp
ro:0002377	True	50	envo|oarcs
ro:0002380	True	763	aism|cl|dpo|ecocore|ecto|flopo|fypo|hp|maxo|mondo|nbo|oae|oba|ohpi|pato|pcl|uberon|wbphenotype|zp
ro:0002385	True	206	aism|cl|clo|dpo|ecocore|ecto|flopo|fypo|hp|maxo|mondo|nbo|oae|oba|ohpi|ovae|pato|pcl|uberon|wbphenotype|zp
ro:0002387	True	1871	aism|cl|clo|dpo|ecocore|ecto|flopo|fypo|hp|maxo|mondo|nbo|oae|oba|ohpi|opmi|ovae|pato|pcl|uberon|wbphenotype|zp
ro:0002411	True	12	chmo|ecto|envo|ino|ons
ro:0002418	True	6	ecto|envo
ro:0002427	True	15	ecto|envo
ro:0002430	True	1	envo
ro:0002433	True	4269	aism|cl|clo|dpo|ecocore|ecto|flopo|fypo|hp|hso|maxo|mondo|nbo|oae|oba|ohpi|opmi|ovae|pato|pcl|uberon|wbphenotype|zp
ro:0002436	True	2	micro
ro:0002451	True	248	doid|mondo
ro:0002452	True	2131	doid
ro:0002454	True	9	opl
ro:0002460	True	4	opl
ro:0002470	True	69	ecocore|ons
ro:0002473	True	3115	agro|aism|cl|clao|clo|cteno|dpo|ecocore|ecto|envo|fbbt|flopo|foodon|fypo|hp|hso|maxo|micro|mondo|nbo|oae|oba|ohpi|opmi|ovae|pato|pcl|peco|poro|to|uberon|wbphenotype|zp
ro:0002476	True	1868	wbbt
ro:0002477	True	380	wbbt
ro:0002478	True	518	wbbt
ro:0002479	True	5	envo
ro:0002485	True	89	fbbt
ro:0002488	True	1160	aism|amphx|cl|clao|clo|clyh|doid|dpo|ecao|ecocore|ecto|flopo|fypo|hp|maxo|mondo|nbo|oae|oba|ohpi|opmi|ovae|pato|pcl|uberon|wbphenotype|zp
ro:0002489	True	110	aism|cl|clo|dpo|ecocore|ecto|flopo|fypo|hp|maxo|mondo|nbo|oae|oba|ohpi|opmi|ovae|pato|pcl|uberon|wbphenotype|zp
ro:0002490	True	1206	plana|planp
ro:0002491	True	125	aism|cl|clo|cteno|dpo|ecocore|ecto|flopo|fypo|hp|maxo|mondo|nbo|oba|pato|pcl|uberon|wbphenotype|zp
ro:0002492	True	1149	aism|amphx|cl|clo|clyh|dpo|ecao|ecocore|ecto|flopo|fypo|hp|maxo|mondo|nbo|oae|oba|ohpi|opmi|ovae|pato|pcl|uberon|wbphenotype|zp
ro:0002493	True	92	aism|cl|clo|dpo|ecocore|ecto|flopo|fypo|hp|maxo|mondo|nbo|oae|oba|ohpi|opmi|ovae|pato|pcl|uberon|wbphenotype|zp
ro:0002494	True	345	aism|cl|clo|dpo|ecocore|ecto|flopo|fypo|hp|hso|maxo|mondo|nbo|oae|oba|ohpi|opmi|ovae|pato|pcl|uberon|wbphenotype|zp
ro:0002495	True	882	agro|aism|cl|clo|dpo|ecocore|ecto|envo|flopo|fypo|hp|maxo|mondo|nbo|oae|oba|ohpi|opmi|ovae|pato|pcl|uberon|wbphenotype|zp
ro:0002496	True	3317	aism|cl|clo|cteno|dpo|ecocore|ecto|flopo|fypo|hp|maxo|mondo|nbo|oae|oba|ohpi|opmi|ovae|pato|pcl|plana|planp|uberon|wbphenotype|zfa|zp
ro:0002497	True	3142	aism|cl|clo|dpo|ecocore|ecto|flopo|fypo|hp|maxo|mondo|nbo|oae|oba|ohpi|opmi|ovae|pato|pcl|plana|planp|uberon|wbphenotype|zfa|zp
ro:0002500	True	7	agro|ecto|envo|mondo|ons
ro:0002503	True	19	flopo|hp|oba|omp|pato|wbphenotype
ro:0002507	True	134	agro|ecocore|ecto|envo|mondo|oba|ons|peco|to
ro:0002508	True	3	opmi|peco|to
ro:0002509	True	10	agro|ecocore|ecto|envo|mondo|oba
ro:0002524	True	2	mfmo|ro
ro:0002525	True	2	geno
ro:0002551	True	508	aism|cl|clo|dpo|ecocore|ecto|flopo|fypo|hp|maxo|mondo|nbo|oae|oba|ohpi|opmi|ovae|pato|pcl|uberon|wbphenotype|zp
ro:0002565	True	435	cl|clo|flopo|hp|maxo|oba|pato|pcl|wbphenotype|zp
ro:0002566	True	4	bto
ro:0002568	True	108	cl|ecto|hp|maxo|mondo|oba|uberon
ro:0002571	True	18	cl|ecto|hp|maxo|mondo|oba|pcl|uberon|zp
ro:0002572	True	935	aism|cl|clo|dpo|ecocore|ecto|flopo|fypo|hp|maxo|mondo|nbo|oae|oba|ohpi|opmi|ovae|pato|pcl|plana|uberon|wbphenotype|zp
ro:0002573	True	1478	fypo|mondo|oba
ro:0002576	True	408	aism|cl|clo|dpo|ecocore|ecto|flopo|fypo|hp|maxo|mondo|nbo|oae|oba|ohpi|ovae|pato|pcl|uberon|wbphenotype|zp
ro:0002588	True	512	aism|cl|clo|dpo|ecocore|ecto|flopo|fypo|hp|maxo|oba|pato|pcl|wbphenotype|zp
ro:0002590	True	259	aism|cl|clo|dpo|ecocore|ecto|flopo|fypo|hp|maxo|oba|pato|pcl|wbphenotype|zp
ro:0002592	True	745	aism|cl|clo|dpo|ecocore|ecto|flopo|fypo|hp|maxo|oba|pato|pcl|wbphenotype|zp
ro:0002608	True	242	agro|aism|cl|clo|dpo|ecocore|ecto|envo|flopo|fypo|hp|maxo|mondo|oba|pato|pcl|wbphenotype|zp
ro:0002610	True	5	dpo|flopo|oba|pato|wbphenotype
ro:0002634	True	1	ecocore
ro:0003000	True	250	aism|cl|clo|dpo|ecocore|ecto|flopo|fypo|hp|hso|maxo|micro|mondo|nbo|oae|oba|ohpi|opmi|ovae|pato|pcl|plana|planp|poro|uberon|wbphenotype|zp
ro:0003001	True	447	aism|bto|cl|clo|dpo|ecocore|ecto|flopo|foodon|fypo|hp|hso|maxo|micro|mondo|nbo|oae|oba|ohpi|opmi|ovae|pato|pcl|plana|planp|poro|uberon|wbphenotype|zp
ro:0003304	True	191	doid
ro:0004001	True	5	mondo
ro:0004003	True	4488	mondo|oba
ro:0004004	True	2	mondo
ro:0004007	True	920	aism|caro|cl|clo|dpo|ecocore|ecto|flopo|fypo|hp|maxo|oba|pato|pcl|wbphenotype|zp
ro:0004008	True	760	aism|cl|clo|dpo|ecocore|ecto|flopo|fypo|hp|maxo|oba|pato|pcl|wbphenotype|zp
ro:0004009	True	499	cl|clo|flopo|fypo|pato|pcl|wbphenotype
ro:0004019	True	475	doid
ro:0004020	True	96	mondo|oba
ro:0004021	True	341	mondo|oba
ro:0004022	True	138	htn|mondo|oba
ro:0004024	True	139	mondo|oba
ro:0004025	True	24	bto|mondo
ro:0004026	True	1986	doid|mondo|oba
ro:0004027	True	304	mondo|oba
ro:0004028	True	56	mondo|oba
ro:0004029	True	1239	doid|mondo|oba
ro:0004030	True	451	bto|mondo|oba
ro:0007001	True	18	doid
ro:0009001	True	1	foodon
ro:0009004	True	6	foodon
ro:0009501	True	60	mondo|oba
ro:0012003	True	539	aism|cl|clo|dpo|ecocore|ecto|flopo|fypo|hp|maxo|oba|pato|pcl|wbphenotype|zp
ro:0012008	True	193	aism|cl|clo|dpo|ecocore|ecto|flopo|fypo|hp|maxo|oba|pato|pcl|wbphenotype|zp
ro:0013001	True	5662	cl|fbbt|pcl
ro:0013002	True	27873	fbbt
ro:0013003	True	20334	fbbt
ro:0013004	True	11	fbbt
ro:0013005	True	184	fbbt
ro:0013006	True	71	fbbt
ro:0013007	True	537	fbbt
ro:0013008	True	674	fbbt
ro:0013009	True	941	fbbt
ro:0014001	True	413	mondo|oba
ro:0015003	True	1024	pcl
ro:0015004	True	470	pcl
ro:0015007	True	14	aism|cl|clo|dpo|ecocore|ecto|flopo|fypo|hp|maxo|pato|pcl|to|wbphenotype
ro:0015008	True	12	aism|cl|clo|dpo|ecto|flopo|fypo|hp|maxo|pato|to|wbphenotype
ro:0015010	True	16	cl|clo|flopo|pato
ro:0015011	True	40	aism|caro|cl|clo|dpo|ecocore|ecto|flopo|fypo|hp|maxo|pato|pcl|to|wbphenotype
ro:0015012	True	58	aism|dpo|ecto|flopo|fypo|hp|maxo|pato|to|wbphenotype
ro:0040042	True	7	ons
rs#part_of	False	6	rs
rxno.obo#has_part	False	44	rxno
rxno.obo#part_of	False	3	rxno
rxno:0000416	True	11	rxno
rxno:0000417	True	11	rxno
rxno:0000423	True	162	rxno
rxno:0000424	True	176	rxno
rxno:0000425	True	27	rxno
rxno:0000469	True	5	rxno
sepio:0000006	True	1	sepio
sepio:0000017	True	1	sepio
sepio:0000030	True	1	sepio
sepio:0000046	True	1	sepio
sepio:0000084	True	1	sepio
sepio:0000130	True	1	sepio
sepio:0000132	True	1	sepio
sepio:0000183	True	1	sepio
sepio:0000387	True	1	sepio
sepio:0000407	True	1	sepio
sibo#adjacent_to	False	2	sibo
sibo#associated_with_behavior	False	114	sibo
sibo#derived_from	False	93	sibo
sibo#is_relevant_for	False	344	sibo
so#adjacent_to	False	8	fypo|so
so#contains	False	3	so
so#derives_from	False	75	fypo|oba|so
so#guided_by	False	1	so
so#has_origin	False	33	doid|so
so#has_part	False	154	fypo|so
so#has_quality	False	170	fypo|so
so#member_of	False	8	fypo|oba|pcl|so
so#non_functional_homolog_of	False	4	so
so#overlaps	False	7	fypo|oba|so
so#part_of	False	198	fypo|so
so#transcribed_from	False	1	so
so#transcribed_to	False	7	so
so#variant_of	False	3	so
so_variant_of	False	2	ogsf
spd#adjacent_to	False	2	spd
spd#part_of	False	582	spd
sponge#echinates	False	1	poro
sponge#lined_by	False	5	poro
stato.owl#is_model_for	False	4	psdo|stato
stato.owl#is_modeled_by	False	4	psdo|stato
stato:0000001	True	12	psdo|stato
stato:0000004	True	6	psdo|stato
stato:0000101	True	4	psdo|stato
stato:0000102	True	6	psdo|stato
stato:0000205	True	50	psdo|stato
stato:0000259	True	2	psdo|stato
stato:0000344	True	2	psdo|stato
stato:0000382	True	8	psdo|stato
stato:0000403	True	28	psdo|stato
stato:0000557	True	6	psdo|stato
tads#part_of	False	663	tads
tgma#develops_from	False	2	tgma
tgma#part_of	False	1950	tgma
uberon/core#anastomoses_with	False	4	uberon
uberon/core#anteriorly_connected_to	False	132	aism|cl|colao|dpo|ecocore|ecto|flopo|fypo|hp|lepao|maxo|mondo|nbo|oae|oba|ohpi|ovae|pato|pcl|uberon|wbphenotype|zp
uberon/core#channel_for	False	288	aism|cl|clo|dpo|ecocore|ecto|flopo|fypo|hp|maxo|mondo|nbo|oae|oba|ohpi|opmi|ovae|pato|pcl|uberon|wbphenotype|zp
uberon/core#channels_from	False	180	aism|cl|clo|dpo|ecocore|ecto|flopo|fypo|hp|maxo|mondo|nbo|oae|oba|ohpi|pato|pcl|uberon|wbphenotype|zp
uberon/core#channels_into	False	138	aism|cl|clo|dpo|ecocore|ecto|flopo|fypo|hp|maxo|mondo|nbo|oae|oba|ohpi|pato|pcl|uberon|wbphenotype|zp
uberon/core#conduit_for	False	254	aism|cl|clo|dpo|ecocore|ecto|flopo|fypo|hp|hso|maxo|mondo|nbo|oae|oba|ohpi|opmi|ovae|pato|pcl|uberon|wbphenotype|zp
uberon/core#distally_connected_to	False	144	cl|hp|maxo|mondo|oae|oba|ovae|uberon
uberon/core#evolved_from	False	3	micro|oae|ovae
uberon/core#existence_starts_and_ends_during	False	16	oae|ohpi|opmi|ovae
uberon/core#extends_fibers_into	False	764	aism|cl|dpo|ecocore|ecto|flopo|fypo|hp|maxo|mondo|oae|oba|ohpi|ovae|pato|pcl|uberon|wbphenotype|zp
uberon/core#filtered_through	False	45	aism|cl|clo|dpo|ecocore|ecto|flopo|fypo|hp|maxo|mondo|nbo|oba|ohpi|pato|pcl|uberon|wbphenotype|zp
uberon/core#in_central_side_of	False	16	hp|uberon
uberon/core#in_innermost_side_of	False	5	hp|uberon
uberon/core#in_outermost_side_of	False	5	hp|uberon
uberon/core#indirectly_supplies	False	20	cl|ecto|hp|maxo|uberon
uberon/core#layer_part_of	False	8	cl|ecto|hp|maxo|mondo|oba|pcl|uberon
uberon/core#posteriorly_connected_to	False	80	aism|cl|colao|dpo|ecocore|ecto|flopo|fypo|hp|lepao|maxo|mondo|nbo|oae|oba|ohpi|ovae|pato|pcl|uberon|wbphenotype|zp
uberon/core#protects	False	80	aism|cl|clo|dpo|ecocore|ecto|flopo|fypo|hp|hso|maxo|micro|mondo|nbo|oae|oba|ohpi|ovae|pato|pcl|uberon|wbphenotype|zp
uberon/core#proximally_connected_to	False	334	aism|cl|clo|dpo|ecocore|ecto|flopo|fypo|hp|maxo|mondo|nbo|oae|oba|ohpi|ovae|pato|pcl|uberon|wbphenotype|zp
uberon/core#sexually_homologous_to	False	41	cl|clo|hp|maxo|mondo|oba|uberon|wbphenotype
uberon/core#site_of	False	86	aism|cl|clo|dpo|ecocore|ecto|flopo|fypo|hp|maxo|mondo|oba|pato|pcl|uberon|wbphenotype|zp
uberon/core#subdivision_of	False	158	aism|cl|clo|dpo|ecocore|ecto|flopo|fypo|hp|maxo|mondo|nbo|oae|oba|ohpi|opmi|ovae|pato|pcl|uberon|wbphenotype|zp
uberon/core#synapsed_by	False	17	aism|cl|clo|dpo|ecocore|ecto|flopo|fypo|hp|maxo|mondo|oba|pato|pcl|uberon|wbphenotype|zp
uberon/core#trunk_part_of	False	4	cl|hp|maxo|uberon
unfolds_in	False	5	ovae
uo#is_unit_of	False	3	agro
vario#part_of	False	11	vario
vo:0000270	True	3	ovae|vo
vo:0000281	True	1	vo
vo:0000462	True	3	vo
vo:0000520	True	32	vo
vo:0000524	True	51	vo
vo:0000525	True	3	vo
vo:0000527	True	2	vo
vo:0000529	True	18	vo
vo:0000530	True	14	vo
vo:0000531	True	92	ovae|vo
vo:0000537	True	1	vo
vo:0000547	True	143	ovae|vo
vo:0000608	True	1	vo
vo:0000799	True	4	vo
vo:0000818	True	1	vo
vo:0000894	True	4	vo
vo:0001011	True	2	vo
vo:0001039	True	3	vo
vo:0001243	True	955	ogsf|ohpi|ovae|vo
vo:0003355	True	1334	ogsf|ohpi|ovae|vo
vo:0005312	True	43	vo
xao#end_stage	False	2030	xao|xpo
xao#preceded_by	False	174	xao|xpo
xao#start_stage	False	2793	xao|xpo
xlmod#has_fluorophore	False	17	xlmod
xlmod#has_handle	False	83	xlmod
xlmod#has_neutral_loss_reporter	False	4	xlmod
xlmod#has_property	False	163	xlmod
xlmod#has_reactive_group	False	589	xlmod
xlmod#is_activatable	False	39	xlmod
xlmod#is_analog_of	False	16	xlmod
xlmod#is_cleavable	False	114	xlmod
xlmod#is_labelled	False	89	xlmod
xlmod#is_partially_reacted	False	102	xlmod
xlmod#is_reactive_with	False	489	xlmod
xlmod#is_side_product_of	False	103	xlmod
xlmod#part_of	False	6	xlmod
